,Fortuna,Bochum
Original,1.0,1.0
Large,0.9302325581395348,0.9534883720930232
Medium,0.8837209302325582,0.9534883720930232
Small,0.9069767441860463,0.9302325581395348
