,Fortuna,Bochum
Original,1.0,1.0
Large,0.9534883720930232,0.9534883720930232
Medium,0.9767441860465116,0.9302325581395348
Small,0.9767441860465116,0.9534883720930232
