,GradCam++,Test accuracy
0,0,0.9769169960474308
1,10,0.54158998895841
2,8,0.6008170776591829
3,1,0.9064114832535886
4,5,0.7061685682738315
5,3,0.8001177769598823
6,6,0.6609201324990798
7,2,0.8518881118881119
8,9,0.566175929333824
9,4,0.757938903202061
10,7,0.6289657710710341
