,GradCam,Test accuracy
0,3,0.8450232050232052
1,1,0.9263854763854764
2,9,0.6630275730275731
3,5,0.767998907998908
4,6,0.7371853671853671
5,8,0.6874883974883975
6,4,0.8022795522795524
7,0,0.9769169960474308
8,10,0.6330248430248432
9,7,0.7091209391209392
10,2,0.8853016653016653
