,GradCam Cutted,Test accuracy
0,10,0.6103414634146341
1,4,0.7917398373983741
2,9,0.6420813008130081
3,8,0.6683577235772357
4,3,0.8368780487804878
5,5,0.7547317073170732
6,1,0.9224390243902438
7,7,0.6908943089430893
8,6,0.7209430894308944
9,2,0.8784065040650406
